blockNumber,timestamp, inputAmount,inputInUSD,outputAmount,outputInUSD,slippage,slippageIsAcceptable
14385135,1647266089,100000000000,100000000000000000000000,916320591777520797119,90982548363769149445964372,0.001099111882425814,true
14385382,1647266336,100000000000,100000000000000000000000,919472048584896696005,91609452489663230886668596,0.001091590412149701,true
14385629,1647266583,100000000000,100000000000000000000000,919477565732491395756,91610556108852240835444886,0.001091577261917058,true
14385876,1647266830,100000000000,100000000000000000000000,919473194488503929813,91609689296949248459129601,0.001091587590433298,true
14386123,1647267077,100000000000,100000000000000000000000,919468519537981491714,91608761966955526695411310,0.001091598640270581,true
14386370,1647267324,100000000000,100000000000000000000000,919463940005427184667,91607853650765882796768063,0.001091609463760904,true
14386617,1647267571,100000000000,100000000000000000000000,919459367772785301943,91606946789469560720156626,0.00109162027012885,true
14386864,1647267818,100000000000,100000000000000000000000,919454802626156144918,91606041340430292432904804,0.001091631059881473,true
14387111,1647268065,100000000000,100000000000000000000000,919450244415770969640,91605137273791442522554117,0.001091641833373578,true
14387358,1647268313,100000000000,100000000000000000000000,919445693149297988252,91604234591067816837147446,0.001091652590586143,true
14387605,1647268560,100000000000,100000000000000000000000,919441148834603622347,91603333293813700730777659,0.001091663331499677,true
14387852,1647268807,100000000000,100000000000000000000000,919436801450327534374,91602471236735350483061611,0.001091673604979086,true
14388099,1647269054,100000000000,100000000000000000000000,919432182118511633197,91601554992145655125960223,0.001091684524444748,true
14388346,1647269301,100000000000,100000000000000000000000,919427657952288662945,91600657710276104808360975,0.001091695218131404,true
14388593,1647269548,100000000000,100000000000000000000000,919423140769539156958,91599761820140324941035343,0.001091705895440578,true
14388840,1647269795,100000000000,100000000000000000000000,919418630323391914647,91598867272534392802660253,0.001091716556957737,true
14389087,1647270042,100000000000,100000000000000000000000,919414126552042640791,91597974055131808218096735,0.001091727202828865,true
14389334,1647270289,100000000000,100000000000000000000000,919409629378303367241,91597082152539765634205770,0.001091737833236506,true
14389581,1647270536,100000000000,100000000000000000000000,919405138796039335324,91596191563523857611422765,0.001091748448194463,true
14389828,1647270783,100000000000,100000000000000000000000,919400844909301552528,91595340159674291486009365,0.001091758596296211,true
14390075,1647271030,100000000000,100000000000000000000000,919396278787841443169,91594434513150005584419439,0.001091769391137441,true
14390322,1647271277,100000000000,100000000000000000000000,919391807503728321525,91593547763166415151874184,0.001091779960948451,true
14390569,1647271524,100000000000,100000000000000000000000,919387342935078649231,91592662351420776984285525,0.001091790515012241,true
14390816,1647271771,100000000000,100000000000000000000000,919382884746648903026,91591778211104752910716458,0.001091801054124264,true
14391063,1647272018,100000000000,100000000000000000000000,919378432948916905351,91590895344294637437714656,0.001091811578258899,true
14391310,1647272265,100000000000,100000000000000000000000,919373987433329369905,91590013729349764717787528,0.001091822087673246,true
14391557,1647272512,100000000000,100000000000000000000000,919369548224535650194,91589133371170955820790634,0.001091832582308028,true
14391804,1647272759,100000000000,100000000000000000000000,919365305441380206271,91588292149485135303465179,0.001091842610590289,true
14392051,1647273006,100000000000,100000000000000000000000,919360790017274448329,91587396606222595323934474,0.001091853286647584,true
14392298,1647273253,100000000000,100000000000000000000000,919356369148406298545,91586519902527561531725681,0.001091863738314619,true
14392545,1647273500,100000000000,100000000000000000000000,919351954686632171922,91585644475538520223648568,0.001091874174960999,true
14392792,1647273747,100000000000,100000000000000000000000,919347546365460583749,91584770272148708477292755,0.001091884597219002,true
14393039,1647273994,100000000000,100000000000000000000000,919343144075789302034,91583897270610251467630005,0.001091895005347086,true
14393286,1647274241,100000000000,100000000000000000000000,919338747829613852414,91583025473302817013888906,0.001091905399316064,true
14393533,1647274488,100000000000,100000000000000000000000,919334547749183124619,91582192752803221906026591,0.001091915327578123,true
14393780,1647274735,100000000000,100000000000000000000000,919330074868768798669,91581305680814577642839096,0.001091925904054336,true
14394027,1647274982,100000000000,100000000000000000000000,919325696280652247886,91580437395353639283378132,0.001091936256738969,true
14394274,1647275229,100000000000,100000000000000000000000,919321323871924875490,91579570341162386030341084,0.001091946594938902,true
14394521,1647275476,100000000000,100000000000000000000000,919316957328853569546,91578704455723805586001696,0.001091956919398741,true
14394768,1647275723,100000000000,100000000000000000000000,919312596628107753431,91577839734379949182313651,0.001091967230173242,true
14395015,1647275970,100000000000,100000000000000000000000,919308241696405651474,91576976162521175881703518,0.001091977527435831,true
14395262,1647276217,100000000000,100000000000000000000000,919303892495169617680,91576113732452203233374045,0.001091987811277501,true
14395509,1647276464,100000000000,100000000000000000000000,919299739240832248361,91575290340667914885165978,0.001091997629797202,true
14395756,1647276711,100000000000,100000000000000000000000,919295312835628346606,91574412529493361311989029,0.001092008097434346,true
14396003,1647276958,100000000000,100000000000000000000000,919290980410057430786,91573553441817485948170330,0.001092018341993645,true
14396250,1647277205,100000000000,100000000000000000000000,919286653942198243333,91572695541167348056765361,0.001092028572589567,true
14396497,1647277452,100000000000,100000000000000000000000,919282333067731310268,91571838754951557623716465,0.001092038790087009,true
14396744,1647277699,100000000000,100000000000000000000000,919278017729954851295,91570983071864817263961206,0.001092048994620054,true
14396991,1647277946,100000000000,100000000000000000000000,919273707943146408160,91570128494742742354098213,0.001092059186154153,true
14397238,1647278193,100000000000,100000000000000000000000,919269403618075933154,91569275005799927423837810,0.001092069364900683,true
14397485,1647278440,100000000000,100000000000000000000000,919265294997964585753,91568460498957169226131443,0.001092079078921926,true
14397732,1647278687,100000000000,100000000000000000000000,919260912974323455196,91567591524383015188689492,0.00109208944273009,true
14397979,1647278934,100000000000,100000000000000000000000,919256624747916699488,91566741236249513967369991,0.001092099583865194,true
14398226,1647279181,100000000000,100000000000000000000000,919252342128619004731,91565892065225842499285731,0.00109210971186483,true
14398473,1647279429,100000000000,100000000000000000000000,919248064943269327360,91565043976806365559707546,0.001092119827139822,true
14398720,1647279676,100000000000,100000000000000000000000,919243793015358611989,91564196935819110641606898,0.001092129930108969,true
14398967,1647279923,100000000000,100000000000000000000000,919239526379280831459,91563350949107894751624020,0.001092140020689951,true
14399214,1647280170,100000000000,100000000000000000000000,919235264943429445119,91562505998415281307029065,0.001092150099099851,true
14399461,1647280417,100000000000,100000000000000000000000,919231008778748662462,91561662097865846246695811,0.001092160165169509,true
14399708,1647280664,100000000000,100000000000000000000000,919226947997269306953,91560857120185238705705240,0.001092169767139,true
14399955,1647280911,100000000000,100000000000000000000000,919222613460157734237,91559997606852519970981891,0.001092180019809391,true
14399982,1647465350,100000000000,100000000000000000000000,909788255249875096527,89737117934115804490250848,0.00111436607618064,true
14400229,1647465603,100000000000,100000000000000000000000,915652600173674834295,90897712254870825860329906,0.001100137698951179,true
14400476,1647465850,100000000000,100000000000000000000000,915685167984567778205,90904182992953803795505739,0.001100059388991497,true
14400723,1647466097,100000000000,100000000000000000000000,915680717458627995192,90903303890265528086054113,0.001100070027385534,true
14400970,1647466344,100000000000,100000000000000000000000,915676040872196432807,90902379903375290293141426,0.001100081209164105,true
14401217,1647466591,100000000000,100000000000000000000000,915671371360365930448,90901457321014460140273023,0.001100092374172335,true
14401464,1647466838,100000000000,100000000000000000000000,915666710345904222312,90900536425653878943187509,0.001100103518990654,true
14401711,1647467086,100000000000,100000000000000000000000,915662057872832837611,90899617226016886245782411,0.001100114643512254,true
14401958,1647467333,100000000000,100000000000000000000000,915657603822838046249,90898737414745951875811419,0.001100125291550832,true
14402205,1647467580,100000000000,100000000000000000000000,915652880168000336306,90897804075065368422131942,0.001100136587649772,true
14402452,1647467827,100000000000,100000000000000000000000,915648252276080337408,90896889748294106163568915,0.001100147653862675,true
14402699,1647468074,100000000000,100000000000000000000000,915643633155303894399,90895977162801889547962005,0.001100158699222651,true
14402946,1647468321,100000000000,100000000000000000000000,915639022257387334447,90895066209714709911473593,0.001100169725046222,true
14403193,1647468569,100000000000,100000000000000000000000,915634419529933346416,90894156878614490924237494,0.001100180731458304,true
14403440,1647468816,100000000000,100000000000000000000000,915629824901958054698,90893249155392562205919230,0.001100191718628502,true
14403687,1647469063,100000000000,100000000000000000000000,915625428404379146396,90892380768038516945434196,0.001100202229878921,true
14403934,1647469310,100000000000,100000000000000000000000,915620761830846548749,90891458760552739961124762,0.001100213390385152,true
14404181,1647469557,100000000000,100000000000000000000000,915616190655001527248,90890555692751460292315009,0.001100224321854102,true
14404428,1647469804,100000000000,100000000000000000000000,915611627887627116657,90889654294113574305640116,0.001100235233334763,true
14404675,1647470051,100000000000,100000000000000000000000,915607073038650834980,90888754467327574218598329,0.001100246126003934,true
14404922,1647470298,100000000000,100000000000000000000000,915602525971074123241,90887856185180098343148144,0.001100257000189929,true
14405169,1647470545,100000000000,100000000000000000000000,915597986599749281401,90886959430753000695301344,0.001100267856096454,true
14405416,1647470792,100000000000,100000000000000000000000,915593645099044138590,90886101952258398279245640,0.001100278236737769,true
14405663,1647471039,100000000000,100000000000000000000000,915589033189549615467,90885190789354717839322717,0.001100289267497614,true
14405910,1647471286,100000000000,100000000000000000000000,915584516344825275975,90884298499348757951555394,0.00110030006999192,true
14406157,1647471533,100000000000,100000000000000000000000,915580007589096851294,90883407814982131376547754,0.001100310853259124,true
14406404,1647471780,100000000000,100000000000000000000000,915575506376285200355,90882518627829672506471507,0.001100321618610802,true
14406651,1647472027,100000000000,100000000000000000000000,915571012594892019466,90881630915742586674629252,0.001100332366314059,true
14406898,1647472274,100000000000,100000000000000000000000,915566526280699124717,90880744685811093405201068,0.001100343096282007,true
14407145,1647472521,100000000000,100000000000000000000000,915562237429315015565,90879897656439266108885805,0.001100353351827465,true
14407392,1647472768,100000000000,100000000000000000000000,915557677756955105665,90878996862611301210748299,0.001100364258544552,true
14407639,1647473015,100000000000,100000000000000000000000,915553212841498608795,90878114879878810108891478,0.001100374937708361,true
14407886,1647473262,100000000000,100000000000000000000000,915548755676855116766,90877234435553209335406264,0.001100385598451681,true
14408133,1647473509,100000000000,100000000000000000000000,915544305772876229138,90876355432316700480750476,0.001100396241951829,true
14408380,1647473756,100000000000,100000000000000000000000,915539862982683593435,90875477840998587708202195,0.001100406868561024,true
14408627,1647474003,100000000000,100000000000000000000000,915535427279772935963,90874601656325031740342593,0.001100417478342143,true
14408874,1647474250,100000000000,100000000000000000000000,915531188747723581793,90873764606006379628307795,0.00110042761443373,true
14409121,1647474497,100000000000,100000000000000000000000,915526679201188900505,90872873754588503064083604,0.00110043840222397,true
14409368,1647474744,100000000000,100000000000000000000000,915522264015135337730,90872001634904848121062705,0.001100448963386638,true
14409615,1647474991,100000000000,100000000000000000000000,915517856381397782365,90871131014138741811016791,0.001100459506599966,true
14409862,1647475238,100000000000,100000000000000000000000,915513455585707435942,90870261750486372571099598,0.001100470033580207,true
14410109,1647475485,100000000000,100000000000000000000000,915509061622626660123,90869393842856179813564045,0.001100480544339645,true
14410356,1647475732,100000000000,100000000000000000000000,915504674502363104479,90868527293263758351764750,0.001100491038852933,true
14410603,1647475979,100000000000,100000000000000000000000,915500484215149247807,90867699816529301076354777,0.001100501060353785,true
14410850,1647476227,100000000000,100000000000000000000000,915496022575774213120,90866818473415915433867811,0.001100511734426534,true
14411097,1647476474,100000000000,100000000000000000000000,915491654970752651015,90865955796641842708096515,0.001100522182629104,true
14411344,1647476721,100000000000,100000000000000000000000,915487294593615397937,90865094554300253178251792,0.00110053261365662,true
14411591,1647476968,100000000000,100000000000000000000000,915482940842714693133,90864234626947557089302314,0.001100543028954794,true
14411838,1647477215,100000000000,100000000000000000000000,915478593591188196502,90863375989390904802579121,0.001100553428827868,true
14412085,1647477462,100000000000,100000000000000000000000,915474252868614004912,90862518647490569546026228,0.00110056381320398,true
14412332,1647477709,100000000000,100000000000000000000000,915469918636330272528,90861662593562271352107645,0.001100574182175323,true
14412579,1647477956,100000000000,100000000000000000000000,915465780927474303310,90860845542706142301789422,0.001100584078903363,true
14412826,1647478203,100000000000,100000000000000000000000,915461371557697524314,90859974566174171469955724,0.001100594629015321,true
14413073,1647478450,100000000000,100000000000000000000000,915457055942215893547,90859122199658996661284818,0.001100604953900548,true
14413320,1647478697,100000000000,100000000000000000000000,915452747250000153176,90858271207025470369244962,0.001100615262336927,true
14413567,1647478944,100000000000,100000000000000000000000,915448444842015905837,90857421461415577992000776,0.001100625555860255,true
14413814,1647479191,100000000000,100000000000000000000000,915444148610940750715,90856572941516363027234498,0.001100635834727875,true
14414061,1647479438,100000000000,100000000000000000000000,915439858626769030758,90855725661211315386514474,0.001100646098770774,true
14414308,1647479685,100000000000,100000000000000000000000,915435764911076901896,90854917338905950434959095,0.001100655891050796,true
14414555,1647479932,100000000000,100000000000000000000000,915431399179454163084,90854055022180183885038783,0.001100666337628926,true
14414802,1647480179,100000000000,100000000000000000000000,915427126942910603721,90853211263387470341272550,0.001100676559578016,true
14415049,1647480426,100000000000,100000000000000000000000,915422861358338416697,90852368824556075720711358,0.00110068676572549,true
14415296,1647480673,100000000000,100000000000000000000000,915418601788702018853,90851527579228282663818710,0.001100696957602541,true
14415543,1647480920,100000000000,100000000000000000000000,915414348147683715949,90850687510262528969166612,0.001100707135416052,true
14415790,1647481167,100000000000,100000000000000000000000,915410100450203693688,90849848620611596818333630,0.001100717299129461,true
14416037,1647481414,100000000000,100000000000000000000000,915406048833581804307,90849048643684776241919187,0.001100726991563838,true
14416284,1647481661,100000000000,100000000000000000000000,915401724944813540807,90848194623198803141512475,0.001100737338972548,true
14416531,1647481908,100000000000,100000000000000000000000,915397494375927784902,90847359125255435070604777,0.001100747462148298,true
14416778,1647482155,100000000000,100000000000000000000000,915393270113627738218,90846524878657878282295930,0.001100757570348103,true
14417025,1647482402,100000000000,100000000000000000000000,915389051627465647876,90845691778109578550473371,0.001100767664847,true
14417272,1647482649,100000000000,100000000000000000000000,915384838884398348107,90844859817044366802928642,0.001100777745723792,true
14417519,1647482896,100000000000,100000000000000000000000,915380631836333534323,90844028985907843492602160,0.001100787813093499,true
14417766,1647483143,100000000000,100000000000000000000000,915376430395582772906,90843199267287313244974538,0.001100797867166376,true
14418013,1647483390,100000000000,100000000000000000000000,915372424722995117015,90842408404649765643829629,0.001100807450574829,true
14418260,1647483637,100000000000,100000000000000000000000,915368146523464698317,90841563449822249622170018,0.001100817689638692,true
14418507,1647483884,100000000000,100000000000000000000000,915363961257039230321,90840736940072709278340185,0.00110082770537154,true
14418754,1647484131,100000000000,100000000000000000000000,915359782089162827119,90839911640309776137071960,0.0011008377066235,true
14419001,1647484378,100000000000,100000000000000000000000,915355608441836028503,90839087435803335497789225,0.00110084769478415,true
14419248,1647484625,100000000000,100000000000000000000000,915351440196416190438,90838264302997943342258744,0.00110085767013824,true
14419495,1647484872,100000000000,100000000000000000000000,915347277371613282223,90837442245599842279443575,0.001100867632640151,true
14419742,1647485119,100000000000,100000000000000000000000,915343310102991400990,90836658994179758541097248,0.001100877125020718,true
14419989,1647485366,100000000000,100000000000000000000000,915339070091828970291,90835821609469539003756004,0.001100887273634514,true
14420236,1647485613,100000000000,100000000000000000000000,915334922813687014620,90835002629532045105168687,0.0011008971993742,true
14420483,1647485860,100000000000,100000000000000000000000,915330781402515564375,90834184813567716410237701,0.001100907111185558,true
14420730,1647486107,100000000000,100000000000000000000000,915326645247691346772,90833368040376431987350284,0.001100917010536798,true
14420977,1647486354,100000000000,100000000000000000000000,915322514298867382982,90832552299958918131361751,0.001100926897548437,true
14421224,1647486601,100000000000,100000000000000000000000,915318388581942724209,90831737597447984183888555,0.001100936772157594,true
14421471,1647486848,100000000000,100000000000000000000000,915314267961321771600,90830923905925939490258744,0.00110094663468986,true
14421718,1647487095,100000000000,100000000000000000000000,915310342683468478427,90830148983318425701055317,0.001100956027479,true
14421965,1647487342,100000000000,100000000000000000000000,915306144298990003528,90829319857074572622037901,0.001100966077444552,true
14422212,1647487589,100000000000,100000000000000000000000,915302038410907126950,90828509087968344932627822,0.001100975905077875,true
14422459,1647487836,100000000000,100000000000000000000000,915297938158333383669,90827699436839620002670760,0.001100985719334867,true
14422706,1647488083,100000000000,100000000000000000000000,915293842913409730324,90826890779073180590731626,0.001100995521725382,true
14422953,1647488330,100000000000,100000000000000000000000,915289752598814963141,90826083099316694002297236,0.001101005312434884,true
14423200,1647488577,100000000000,100000000000000000000000,915285667251837484192,90825276404964555871207202,0.001101015091373109,true
14423447,1647488824,100000000000,100000000000000000000000,915281586831725835779,90824470687923056297201347,0.001101024858637541,true
14423694,1647489071,100000000000,100000000000000000000000,915277701450225166582,90823703671430866034630058,0.001101034156917513,true
14423941,1647489318,100000000000,100000000000000000000000,915273542828619832742,90822882426716613728072652,0.001101044112761871,true
14424188,1647489565,100000000000,100000000000000000000000,915269476428858920842,90822079483994619881874557,0.001101053846907598,true
14424435,1647489812,100000000000,100000000000000000000000,915265415412246196113,90821277609118545341992744,0.001101063568279509,true
14424682,1647490059,100000000000,100000000000000000000000,915261359188695288631,90820476684973846821290949,0.001101073278296775,true
14424929,1647490306,100000000000,100000000000000000000000,915257307695904104927,90819676699189938953801421,0.001101082977108769,true
14425176,1647490553,100000000000,100000000000000000000000,915253260906053278164,90818877646241084572971975,0.001101092664781889,true
14425423,1647490800,100000000000,100000000000000000000000,915249218833240496006,90818079528918990004121152,0.001101102341281696,true
14425670,1647491047,100000000000,100000000000000000000000,915245371524853705511,90817320062990415568213136,0.001101111549323857,true
14425917,1647491294,100000000000,100000000000000000000000,915241250674230547083,90816506310765628185521098,0.001101121415723803,true
14426164,1647491541,100000000000,100000000000000000000000,915237221888357606436,90815710828706011224646861,0.001101131060776665,true
14426411,1647491788,100000000000,100000000000000000000000,915233198211607548422,90814916360063014924469333,0.001101140693710711,true
14426658,1647492035,100000000000,100000000000000000000000,915229179087830396278,90814122794461603871379543,0.001101150315863631,true
14426905,1647492282,100000000000,100000000000000000000000,915225164492361521968,90813330127002060100411232,0.001101159927294268,true
14427152,1647492529,100000000000,100000000000000000000000,915221154383577058397,90812538349419198035090425,0.001101169528102278,true
14427399,1647492776,100000000000,100000000000000000000000,915217148721900941572,90811747453854357047171153,0.001101179118382394,true
14427646,1647493023,100000000000,100000000000000000000000,915213337703421796397,90810995177727967899468281,0.001101188240524047,true
14427893,1647493270,100000000000,100000000000000000000000,915209252929586111790,90810188574889726358974751,0.001101198021602296,true
14428140,1647493517,100000000000,100000000000000000000000,915205259968533019892,90809400191577249954902653,0.001101207581913697,true
14428387,1647493764,100000000000,100000000000000000000000,915201271958873146083,90808612790341552204237037,0.001101217130481658,true
14428634,1647494011,100000000000,100000000000000000000000,915197288273587030399,90807826246748812074327964,0.001101226668814575,true
14428881,1647494258,100000000000,100000000000000000000000,915193308875991873747,90807040553514465539649658,0.001101236197000252,true
14429128,1647494505,100000000000,100000000000000000000000,915189333811545294914,90806255719654226943239878,0.001101245714928821,true
14429375,1647494752,100000000000,100000000000000000000000,915185362933613068925,90805471716065924082443325,0.001101255222952685,true
14429622,1647494999,100000000000,100000000000000000000000,915181586503116036629,90804726298288832745644283,0.001101264263178385,true
14429869,1647495246,100000000000,100000000000000000000000,915177536073567927083,90803926507300144197844698,0.001101273962992784,true
14430116,1647495493,100000000000,100000000000000000000000,915173577200675954272,90803144884380350645409613,0.001101283442631089,true
14430363,1647495740,100000000000,100000000000000000000000,915169623077252686138,90802364203428148085468350,0.001101292911007977,true
14430610,1647495987,100000000000,100000000000000000000000,915165673117510013003,90801584348195668342743099,0.001101302369532796,true
14430857,1647496234,100000000000,100000000000000000000000,915161727229051762464,90800805300344061626529875,0.001101311818427463,true
14431104,1647496481,100000000000,100000000000000000000000,915157785424333007036,90800027062341026849471588,0.001101321257661547,true
14431351,1647496728,100000000000,100000000000000000000000,915153847683561074473,90799249630255137874025618,0.001101330687282233,true
14431598,1647496975,100000000000,100000000000000000000000,915150104130867478088,90798510724716597264872992,0.001101339649756817,true
14431845,1647497222,100000000000,100000000000000000000000,915146086458286048287,90797717423840636217853158,0.001101349272176121,true
14432092,1647497469,100000000000,100000000000000000000000,915142160163086735168,90796942254840698131619224,0.001101358674825513,true
14432339,1647497716,100000000000,100000000000000000000000,915138238444548587413,90796167993486927499842360,0.001101368066625601,true
14432586,1647497963,100000000000,100000000000000000000000,915134320632421695713,90795394506775349157703761,0.001101377449189207,true
14432833,1647498210,100000000000,100000000000000000000000,915130406721219462728,90794621793613809886334083,0.001101386822529103,true
14433080,1647498457,100000000000,100000000000000000000000,915126496726470774662,90793849857079608094196529,0.001101396186607484,true
14433327,1647498704,100000000000,100000000000000000000000,915122590555422949159,90793078678765156900055797,0.001101405541647175,true
14433574,1647498951,100000000000,100000000000000000000000,915118878450262012965,90792346007932331839873367,0.001101414429706037,true
14433821,1647499198,100000000000,100000000000000000000000,915114891949418548274,90791558888872638167586523,0.001101423978438329,true
14434068,1647499445,100000000000,100000000000000000000000,915110996625826968892,90790789861363670216328825,0.001101433307857533,true
14434315,1647499692,100000000000,100000000000000000000000,915107105662374055765,90790021698504518670630340,0.001101442626945062,true
14434562,1647499939,100000000000,100000000000000000000000,915103218462283184832,90789254281875720389907342,0.001101451937137047,true
14434809,1647500186,100000000000,100000000000000000000000,915099334983166293373,90788487603063374540824454,0.001101461238535113,true
14435056,1647500433,100000000000,100000000000000000000000,915095455226414119545,90787721662339770395919914,0.001101470531135507,true
14435303,1647500680,100000000000,100000000000000000000000,915091579102263466931,90786956441891564578561185,0.001101479815153901,true
14435550,1647500927,100000000000,100000000000000000000000,915087896875896884943,90786229687865125314581299,0.001101488632624275,true
14435797,1647501174,100000000000,100000000000000000000000,915083940127558694422,90785448462382867657169417,0.001101498111136557,true
14436044,1647501421,100000000000,100000000000000000000000,915080074380492797119,90784685292931504813250444,0.001101507370734764,true
14436291,1647501668,100000000000,100000000000000000000000,915076212806730107679,90783922951033838543953725,0.00110151662044762,true
14436538,1647501915,100000000000,100000000000000000000000,915072354823974106570,90783161321147257894828638,0.001101525861676572,true
14436785,1647502162,100000000000,100000000000000000000000,915068500428926850694,90782400402615297569263811,0.001101535094429152,true
14437032,1647502409,100000000000,100000000000000000000000,915064649502198855469,90781640171745824214957766,0.001101544318992412,true
14437279,1647502656,100000000000,100000000000000000000000,915060802126422365868,90780880644931868243117620,0.001101553535167019,true
14437526,1647502904,100000000000,100000000000000000000000,915057148384149690934,90780159537241712772469892,0.001101562285302835,true
14437773,1647503151,100000000000,100000000000000000000000,915053219935020373449,90779383923225466029320493,0.001101571696989843,true
14438020,1647503398,100000000000,100000000000000000000000,915049382336799222870,90778626334807276552347849,0.001101580890100525,true
14438267,1647503645,100000000000,100000000000000000000000,915045548714427937467,90777869534739643512322207,0.00110159007379801,true
14438514,1647503892,100000000000,100000000000000000000000,915041718519038391742,90777113414118074948765067,0.001101599249403402,true
14438761,1647504139,100000000000,100000000000000000000000,915037891700648669696,90776357963022645501795285,0.001101608417036675,true
14439008,1647504386,100000000000,100000000000000000000000,915034068276082543072,90775603184788454673857319,0.001101617576656954,true
14439255,1647504633,100000000000,100000000000000000000000,915030248157598286184,90774849062005137790548654,0.001101626728475125,true
14439502,1647504880,100000000000,100000000000000000000000,915026431362231435387,90774095598049946074588881,0.001101635872449807,true
14439749,1647505127,100000000000,100000000000000000000000,915022808049766143640,90773380515570831065078959,0.001101644550770547,true
14439996,1647505374,100000000000,100000000000000000000000,915018909903503310481,90772610903613313369894801,0.001101653891019888,true
14440243,1647505621,100000000000,100000000000000000000000,915015102379720032201,90771859271270355080626704,0.001101663013215929,true
14440490,1647505868,100000000000,100000000000000000000000,915011298729970113290,90771108407055703893259928,0.001101672126240412,true
14440737,1647506115,100000000000,100000000000000000000000,915007498267508739880,90770358174713879519563517,0.001101681231746612,true
14440984,1647506362,100000000000,100000000000000000000000,915003701063336188749,90769608588329054199089904,0.001101690329563212,true
14441231,1647506609,100000000000,100000000000000000000000,914999906994480650363,90768859623501365038178348,0.001101699419985976,true
14441478,1647506856,100000000000,100000000000000000000000,914996116118798446646,90768111291707841199793707,0.001101708502875233,true
14441725,1647507103,100000000000,100000000000000000000000,914992518546740181067,90767401310915706908311826,0.00110171712041704,true
14441972,1647507350,100000000000,100000000000000000000000,914988645920124491455,90766636758638267976938175,0.001101726400482531,true
14442219,1647507597,100000000000,100000000000000000000000,914984863800734933048,90765890162524757247382155,0.001101735462748624,true
14442466,1647507844,100000000000,100000000000000000000000,914981085337745007111,90765144291341755620702287,0.001101744516364297,true
14442713,1647508091,100000000000,100000000000000000000000,914977309984239133628,90764399036579799260133032,0.001101753562646275,true
14442960,1647508338,100000000000,100000000000000000000000,914973537640759661340,90763654378505162083174171,0.001101762601833738,true
14443207,1647508585,100000000000,100000000000000000000000,914969768358393758637,90762910327251209175914956,0.001101771633803322,true
14443454,1647508832,100000000000,100000000000000000000000,914966002070290661534,90762166869554139652491989,0.001101780658715681,true
14443701,1647509080,100000000000,100000000000000000000000,914962238762958227949,90761424002735126373468900,0.001101789676602985,true
14443948,1647509327,100000000000,100000000000000000000000,914958668681112018674,90760719463741409077599828,0.001101798229353499,true
14444195,1647509574,100000000000,100000000000000000000000,914954823380083907429,90759960322612715887967844,0.001101807445095203,true
14444442,1647509821,100000000000,100000000000000000000000,914951068407153425141,90759219101463823737549911,0.001101816443442571,true
14444689,1647510068,100000000000,100000000000000000000000,914947316988425520961,90758478584955209565081875,0.001101825433382449,true
14444936,1647510315,100000000000,100000000000000000000000,914943568438982647582,90757738637203382449196899,0.001101834416564099,true
14445183,1647510562,100000000000,100000000000000000000000,914939822795460823934,90756999265475342393724940,0.001101843392898962,true
14445430,1647510809,100000000000,100000000000000000000000,914936079993679202199,90756260457037087796072331,0.001101852362541301,true
14445677,1647511056,100000000000,100000000000000000000000,914932340087599420337,90755522222592172238530350,0.001101861325360833,true
14445924,1647511303,100000000000,100000000000000000000000,914928602992350296386,90754784545302024367699127,0.001101870281561662,true
14446171,1647511550,100000000000,100000000000000000000000,914925058961331127810,90754085168740830542346768,0.001101878772884637,true
14446418,1647511797,100000000000,100000000000000000000000,914921239458528075336,90753331141926142887442885,0.001101887927877967,true
14446665,1647512044,100000000000,100000000000000000000000,914917510168015960874,90752595011474150167807858,0.001101896865729918,true
14446912,1647512291,100000000000,100000000000000000000000,914913784177744255266,90751859535264449763094572,0.001101905795783081,true
14447159,1647512538,100000000000,100000000000000000000000,914910061033905964115,90751124623266107934029785,0.001101914719130243,true
14447406,1647512785,100000000000,100000000000000000000000,914906340579908815924,90750390244413499915924043,0.001101923636148285,true
14447653,1647513032,100000000000,100000000000000000000000,914902622824695795470,90749656400479302512495232,0.001101932546815371,true
14447900,1647513279,100000000000,100000000000000000000000,914898907783160452598,90748923094417874323923819,0.001101941451095315,true
14448147,1647513526,100000000000,100000000000000000000000,914895385668807255014,90748228054467603498804456,0.001101949890856044,true
14448394,1647513773,100000000000,100000000000000000000000,914891588033755862110,90747478356328094537652028,0.001101958994467494,true
14448641,1647514020,100000000000,100000000000000000000000,914887880375592065058,90746746507291195500166786,0.001101967881481738,true
14448888,1647514267,100000000000,100000000000000000000000,914884176048869653603,90746015318677541121728222,0.001101976760619458,true
14449135,1647514514,100000000000,100000000000000000000000,914880474336033865062,90745284648138902551705854,0.001101985633608907,true
14449382,1647514761,100000000000,100000000000000000000000,914876775174364910475,90744554483231901342371316,0.001101994500600896,true
14449629,1647515008,100000000000,100000000000000000000000,914873078617390536987,90743824834575155901950497,0.001102003361466179,true
14449876,1647515255,100000000000,100000000000000000000000,914869384600665115291,90743095689383033995306212,0.001102012216359729,true
14450123,1647515502,100000000000,100000000000000000000000,914865693200665516844,90742367062825950737114549,0.001102021065097017,true
14450370,1647515750,100000000000,100000000000000000000000,914862194561710514145,90741676674272511402069911,0.00110202944958755,true
14450617,1647515997,100000000000,100000000000000000000000,914858420145422933234,90740931578595689275219338,0.001102038498617181,true
14450864,1647516244,100000000000,100000000000000000000000,914854735655361291650,90740204321341556651930720,0.001102047331146251,true
14451111,1647516492,100000000000,100000000000000000000000,914851054241188877879,90739477673804660855667690,0.001102056156411717,true
14451358,1647516739,100000000000,100000000000000000000000,914847375378320767233,90738751531921688422838436,0.001102064975677125,true
14451605,1647516986,100000000000,100000000000000000000000,914843698915360788543,90738025865659205721525890,0.00110207378930696,true
14451852,1647517233,100000000000,100000000000000000000000,914840024910338862095,90737300686528212247988653,0.001102082597161136,true
14452099,1647517480,100000000000,100000000000000000000000,914836353331929888780,90736575988314448520070487,0.001102091399314853,true
14452346,1647517727,100000000000,100000000000000000000000,914832684169787573029,90735851768965227899341829,0.001102100195792766,true
14452593,1647517974,100000000000,100000000000000000000000,914829207649295646565,90735165756442654440005634,0.00110210852833428,true
14452840,1647518221,100000000000,100000000000000000000000,914825455317209559352,90734425031970282159505719,0.001102117525567225,true
14453087,1647518468,100000000000,100000000000000000000000,914821792726385430243,90733702108610183865804638,0.001102126306720052,true
14453334,1647518715,100000000000,100000000000000000000000,914818133137421795821,90732979780277727237830524,0.001102135080784998,true
14453581,1647518962,100000000000,100000000000000000000000,914814475887531576063,90732257915498736170164866,0.001102143849358764,true
14453828,1647519209,100000000000,100000000000000000000000,914810820945936015290,90731536508167721447081775,0.001102152612515251,true
14454075,1647519456,100000000000,100000000000000000000000,914807168318064055364,90730815559361460734824784,0.001102161370241118,true
14454322,1647519703,100000000000,100000000000000000000000,914803517994175175277,90730095067147085467616202,0.001102170122559581,true
14454569,1647519951,100000000000,100000000000000000000000,914799869945597909395,90729375025837239304250478,0.00110217886953947,true
14454816,1647520198,100000000000,100000000000000000000000,914796414423656498973,90728693173341539727920072,0.001102187152733977,true
14455063,1647520445,100000000000,100000000000000000000000,914792682915972949204,90727956576308395370848377,0.001102196101109068,true
14455310,1647520692,100000000000,100000000000000000000000,914789040974587865698,90727237745063908191787474,0.001102204833800757,true
14455557,1647520940,100000000000,100000000000000000000000,914785401910169369796,90726519484066036811103721,0.001102213559703043,true
14455804,1647521190,100000000000,100000000000000000000000,914781765066272304371,90725801663104060335909838,0.001102222280397523,true
14456051,1647521437,100000000000,100000000000000000000000,914778130410865890149,90725084275823964665998555,0.001102230995961142,true
14456298,1647521685,100000000000,100000000000000000000000,914774497915775035672,90724367316637834531465316,0.001102239706461541,true
14456545,1647521933,100000000000,100000000000000000000000,914770867659419257510,90723650801099342333729059,0.00110224841170951,true
14456792,1647522180,100000000000,100000000000000000000000,914767239488206820306,90722934698743847637650735,0.001102257112074931,true
14457039,1647522427,100000000000,100000000000000000000000,914763613499710424651,90722219028924726889613345,0.001102265807322429,true
14457286,1647522674,100000000000,100000000000000000000000,914760179901831111445,90721541513389544174314131,0.001102274039129296,true
14457533,1647522921,100000000000,100000000000000000000000,914756470161377146156,90720809224376548269723228,0.001102282936571625,true
14457780,1647523168,100000000000,100000000000000000000000,914752849959156513071,90720094694909494175150205,0.001102291618370755,true
14458027,1647523415,100000000000,100000000000000000000000,914749232443073131170,90719380697836117384112421,0.001102300293837711,true
14458274,1647523662,100000000000,100000000000000000000000,914745617001233534897,90718667111787875082556374,0.001102308964446922,true
14458521,1647523909,100000000000,100000000000000000000000,914742003625070543997,90717953935065191561642729,0.001102317630218807,true
14458768,1647524156,100000000000,100000000000000000000000,914738392302314168024,90717241165235283024760316,0.001102326291182695,true
14459015,1647524476,100000000000,100000000000000000000000,914734783043531990423,90716528804393301107218692,0.001102334947312899,true
14459262,1647524723,100000000000,100000000000000000000000,914731175764301540449,90715816835795442764187026,0.00110234359881265,true
14459509,1647524970,100000000000,100000000000000000000000,914727760774606651689,90715143006182470085358707,0.001102351786990896,true
14459756,1647525217,100000000000,100000000000000000000000,914724069534411508608,90714414383623227432712705,0.00110236064113371,true
14460003,1647525464,100000000000,100000000000000000000000,914720467633057804097,90713703480453838363882232,0.001102369280089497,true
14460250,1647525711,100000000000,100000000000000000000000,914716868306452303071,90712993087582740250945390,0.001102377912979353,true
14460497,1647525958,100000000000,100000000000000000000000,914713270998432404638,90712283094698915746048900,0.001102386541143553,true
14460744,1647526205,100000000000,100000000000000000000000,914709675577332996404,90711573475688321396839506,0.001102395164899229,true
14460991,1647526452,100000000000,100000000000000000000000,914706082120848636583,90710864245960862295167209,0.001102403784058895,true
14461238,1647526699,100000000000,100000000000000000000000,914702490602089725064,90710155400183779458404959,0.001102412398687141,true
14461485,1647526946,100000000000,100000000000000000000000,914698900958069507897,90709446925864977863354893,0.001102421008935574,true
14461732,1647527193,100000000000,100000000000000000000000,914695503522980556649,90708776567225443576483045,0.001102429156079386,true
14461979,1647527440,100000000000,100000000000000000000000,914691829718484853125,90708051393989840249152978,0.001102437969543085,true
14462226,1647527687,100000000000,100000000000000000000000,914688245161131234601,90707343921358895037031787,0.001102446568016561,true
14462473,1647527934,100000000000,100000000000000000000000,914684663110033797317,90706636945444294692648032,0.001102455160587038,true
14462720,1647528181,100000000000,100000000000000000000000,914681082903052324858,90705930334920055302840328,0.001102463748850409,true
14462967,1647528428,100000000000,100000000000000000000000,914677504532723694349,90705224088306688692551627,0.00110247233282445,true
14463214,1647528675,100000000000,100000000000000000000000,914673928006864619041,90704518207155201044930127,0.001102480912490107,true
14463461,1647528922,100000000000,100000000000000000000000,914670353245822639058,90703812675668107581295452,0.00110248948803919,true
14463708,1647529169,100000000000,100000000000000000000000,914666780327935760915,90703107509383068222522911,0.001102498059282645,true
14463955,1647529416,100000000000,100000000000000000000000,914663209192681671102,90702402696297380655901241,0.001102506626366163,true
14464202,1647529663,100000000000,100000000000000000000000,914659830111983457027,90701735972827271089638079,0.0011025147305886,true
14464449,1647529910,100000000000,100000000000000000000000,914656174503842084646,90701014405554607233525553,0.001102523501588047,true
14464696,1647530157,100000000000,100000000000000000000000,914652608029374760422,90700310515718681366070301,0.001102532057844164,true
14464943,1647530404,100000000000,100000000000000000000000,914649043916176918199,90699607093844182326358132,0.001102540608544565,true
14465190,1647530652,100000000000,100000000000000000000000,914645481540738640897,90698904016272437573853297,0.001102549155192204,true
14465437,1647530899,100000000000,100000000000000000000000,914641920892346428998,90698201280879553943316502,0.001102557697812706,true
14465684,1647531146,100000000000,100000000000000000000000,914638361947001238609,90697498882906817032490363,0.00110256623646373,true
14465931,1647531393,100000000000,100000000000000000000000,914634804678863025527,90696796817229870542327967,0.001102574771207386,true
14466178,1647531640,100000000000,100000000000000000000000,914631249164908291659,90696095099115290961037812,0.001102583301857892,true
14466425,1647531887,100000000000,100000000000000000000000,914627885532024147399,90695431428976087869704004,0.001102591370088033,true
14466672,1647532134,100000000000,100000000000000000000000,914624245399788324835,90694712922524278080549216,0.001102600105095704,true
14466919,1647532381,100000000000,100000000000000000000000,914620694233431955081,90694012059641744936316275,0.001102608625740787,true
14467166,1647532628,100000000000,100000000000000000000000,914617145367445319824,90693311652649224226971778,0.001102617140975013,true
14467413,1647532875,100000000000,100000000000000000000000,914613598110285744601,90692611564399607052579111,0.001102625652465541,true
14467660,1647533122,100000000000,100000000000000000000000,914610052504980732493,90691911803426524180977878,0.00110263416010844,true
14467907,1647533369,100000000000,100000000000000000000000,914606508472835427706,90691212354124983710241898,0.00110264266409326,true
14468154,1647533616,100000000000,100000000000000000000000,914602966075973145058,90690513228815635512349836,0.001102651164270028,true
14468401,1647533863,100000000000,100000000000000000000000,914599425237692896348,90689814412287864047600985,0.001102659660823505,true
14468648,1647534110,100000000000,100000000000000000000000,914595886016445126565,90689115916135038695541189,0.001102668153612559,true
14468895,1647534357,100000000000,100000000000000000000000,914592538638685982635,90688455465007589461673310,0.001102676183944772,true
14469142,1647534604,100000000000,100000000000000000000000,914588914492818694655,90687740126388835730965078,0.001102684881778208,true
14469389,1647534851,100000000000,100000000000000000000000,914585379277772194974,90687042423732800674866156,0.00110269336530739,true
14469636,1647535098,100000000000,100000000000000000000000,914581846229829760862,90686345150541798542194723,0.001102701843745023,true
14469883,1647535345,100000000000,100000000000000000000000,914578314709348643448,90685648179967133727715730,0.001102710318633312,true
14470130,1647535593,100000000000,100000000000000000000000,914574784655177820692,90684951499882515575347220,0.001102718790119544,true
14470377,1647535840,100000000000,100000000000000000000000,914571256183157297483,90684255133261487825126579,0.0011027272579242,true
14470624,1647536087,100000000000,100000000000000000000000,914567729178957432338,90683559057431908797800529,0.001102735722322805,true
14470871,1647536334,100000000000,100000000000000000000000,914564203617721070214,90682863267466292861419533,0.001102744183375122,true
14471118,1647536581,100000000000,100000000000000000000000,914560679598277398566,90682167782963402510799476,0.001102752640842659,true
14471365,1647536828,100000000000,100000000000000000000000,914557347283186274679,90681510308600678261038277,0.001102760636205631,true
14471612,1647537075,100000000000,100000000000000000000000,914553738243882212443,90680797957568685696747481,0.001102769299039383,true
14471859,1647537322,100000000000,100000000000000000000000,914550217916592361845,90680103198461576958473969,0.001102777748070499,true
14472106,1647537569,100000000000,100000000000000000000000,914546699696250836727,90679408856899543966927258,0.001102786192153162,true
14472353,1647537816,100000000000,100000000000000000000000,914543182926560143095,90678714802735495785053754,0.001102794632869932,true
14472600,1647538063,100000000000,100000000000000000000000,914539667582972375755,90678021031102213224877174,0.001102803070279846,true
14472847,1647538310,100000000000,100000000000000000000000,914536153572489489026,90677327523559306523019765,0.00110281150460702,true
14473094,1647538557,100000000000,100000000000000000000000,914532641022850387363,90676634305439144791096792,0.001102819935543214,true
14473341,1647538804,100000000000,100000000000000000000000,914529129808783012779,90675941351901421113555037,0.001102828363390385,true
14473588,1647539051,100000000000,100000000000000000000000,914525620008638813538,90675248678484171606176124,0.001102836787959407,true
14473835,1647539298,100000000000,100000000000000000000000,914522301901849775690,90674594017473988639794896,0.001102844750324759,true
14474082,1647539545,100000000000,100000000000000000000000,914518706793344944065,90673884426871539362863254,0.001102853380905391,true
14474329,1647539792,100000000000,100000000000000000000000,914515200370863578746,90673192422395194352031336,0.001102861797720284,true
14474576,1647540040,100000000000,100000000000000000000000,914511695950114132861,90672500814605555271624769,0.001102870209838658,true
14474823,1647540287,100000000000,100000000000000000000000,914508192871472799238,90671809472702203973305577,0.001102878618851277,true
14475070,1647540534,100000000000,100000000000000000000000,914504691097464745971,90671118389254346876960597,0.00110288702484838,true
14475317,1647540781,100000000000,100000000000000000000000,914501190634455532568,90670427565526362701672253,0.001102895427814446,true
14475564,1647541029,100000000000,100000000000000000000000,914497691460273112801,90669736997122603387407463,0.001102903827802803,true
14475811,1647541276,100000000000,100000000000000000000000,914494193566128481879,90669046682301828670055468,0.001102912224834492,true
14476058,1647541523,100000000000,100000000000000000000000,914490696981307050370,90668356626872111120588931,0.001102920618838724,true
14476305,1647541770,100000000000,100000000000000000000000,914487391997579092714,90667704558343319416367480,0.00110292855087835,true
14476552,1647542017,100000000000,100000000000000000000000,914483810028774814410,90666997565624370078609138,0.001102937151168157,true
14476799,1647542264,100000000000,100000000000000000000000,914480316550921805687,90666308119712294854455547,0.001102945538137097,true
14477046,1647542511,100000000000,100000000000000000000000,914476825076323346881,90665619070800105039608125,0.001102953920404059,true
14477293,1647542758,100000000000,100000000000000000000000,914473334772665020403,90664930253849620916314554,0.001102962299976555,true
14477540,1647543005,100000000000,100000000000000000000000,914469845737940011196,90664241688292917125229106,0.001102970676618062,true
14477787,1647543252,100000000000,100000000000000000000000,914466357897079396758,90663553359245741967716877,0.001102979050509519,true
14478034,1647543499,100000000000,100000000000000000000000,914462871258758822302,90662865268430641644788934,0.001102987421629841,true
14478281,1647543746,100000000000,100000000000000000000000,914459385835473228965,90662177418326286697943338,0.001102995789948744,true
14478528,1647543993,100000000000,100000000000000000000000,914455901622654960813,90661489808028044843304169,0.001103004155477103,true
14478775,1647544240,100000000000,100000000000000000000000,914452608914998122361,90660840170001517140382757,0.001103012059147988,true
14479022,1647544487,100000000000,100000000000000000000000,914449039045123450815,90660135574753891482726076,0.001103020631571247,true
14479269,1647544734,100000000000,100000000000000000000000,914445557650022328437,90659448522467112848745880,0.001103028990687254,true
14479516,1647544981,100000000000,100000000000000000000000,914442078086659761986,90658761833180636869420975,0.001103037345513365,true
14479763,1647545228,100000000000,100000000000000000000000,914438599665781040475,90658075370227734724552811,0.001103045697712221,true
14480010,1647545475,100000000000,100000000000000000000000,914435122398252327968,90657389135764718440316087,0.001103054047257462,true
14480257,1647545722,100000000000,100000000000000000000000,914431646260721683345,90656703125163098064928263,0.001103062394205283,true
14480504,1647545969,100000000000,100000000000000000000000,914428171210847282086,90656017330028574346953620,0.001103070738657701,true
14480751,1647546216,100000000000,100000000000000000000000,914424697312866058535,90655331763099806852788111,0.001103079080459598,true
14480998,1647546463,100000000000,100000000000000000000000,914421224509288264544,90654646412979575327678519,0.001103087419749534,true
14481245,1647546711,100000000000,100000000000000000000000,914417752811141919432,90653961281855741775146782,0.001103095756500768,true
14481492,1647546958,100000000000,100000000000000000000000,914414472564772988427,90653314105148507853720245,0.001103103631534201,true
14481739,1647547205,100000000000,100000000000000000000000,914410915084570110970,90652611959320285241699592,0.001103112175574977,true
14481986,1647547452,100000000000,100000000000000000000000,914407445987796332705,90651927337646710069956242,0.001103120506501036,true
14482233,1647547699,100000000000,100000000000000000000000,914403978657201677685,90651243065989585365561805,0.001103128833293603,true
14482480,1647547946,100000000000,100000000000000000000000,914400512333558311107,90650558993814098360794720,0.001103137157784365,true
14482727,1647548193,100000000000,100000000000000000000000,914397047147946418434,90649875147111251017359737,0.00110314547965692,true
14482974,1647548440,100000000000,100000000000000000000000,914393582887168606222,90649191483612284323332900,0.001103153799425537,true
14483221,1647548687,100000000000,100000000000000000000000,914390119754639812376,90648508043649485841031511,0.001103162116599288,true
14483468,1647548935,100000000000,100000000000000000000000,914386657586693545463,90647824794774923891654710,0.001103170431572938,true
14483715,1647549182,100000000000,100000000000000000000000,914383196465061510744,90647141753194980108586990,0.001103178744149154,true
14483962,1647549429,100000000000,100000000000000000000000,914379926746835048434,90646496660775444080886258,0.001103186595001326,true
14484209,1647549676,100000000000,100000000000000000000000,914376379587984420014,90645796560316757349479477,0.00110319511543438,true
14484456,1647549923,100000000000,100000000000000000000000,914372920784605393372,90645113977838282195263714,0.001103203422795065,true
14484703,1647550170,100000000000,100000000000000000000000,914369463657283504563,90644431727518866564604710,0.001103211726238235,true
14484950,1647550417,100000000000,100000000000000000000000,914366007460461594098,90643749661540458934659838,0.001103220027562797,true
14485197,1647550664,100000000000,100000000000000000000000,914362552258948650341,90643067792754498478168726,0.001103228326612235,true
14485444,1647550911,100000000000,100000000000000000000000,914359098047198807153,90642386120062801159438009,0.001103236623399811,true
14485691,1647551158,100000000000,100000000000000000000000,914355644751230561533,90641704628798899540191233,0.001103244918103931,true
14485938,1647551405,100000000000,100000000000000000000000,914352192415019682371,90641023327684214737527511,0.001103253210618345,true
14486185,1647551652,100000000000,100000000000000000000000,914348741019796905913,90640342212998369078859561,0.001103261500988236,true
14486432,1647551899,100000000000,100000000000000000000000,914345290522104600521,90639661276127984698050304,0.001103269789318346,true
14486679,1647552146,100000000000,100000000000000000000000,914342031395578618969,90639018274836336213339408,0.001103277616012777,true
14486926,1647552393,100000000000,100000000000000000000000,914338494834997906790,90638320269096988647511875,0.001103286112354123,true
14487173,1647552640,100000000000,100000000000000000000000,914335046479403692896,90637639750813676039996181,0.001103294395958741,true
14487420,1647552887,100000000000,100000000000000000000000,914331599684637956152,90636959541861583548384565,0.001103302675922331,true
14487667,1647553134,100000000000,100000000000000000000000,914328153832960345798,90636279519768999496739119,0.001103310953735569,true
14487914,1647553381,100000000000,100000000000000000000000,914324708846838331050,90635599669166537192895870,0.001103319229585448,true
14488161,1647553628,100000000000,100000000000000000000000,914321264759105338554,90634919996565201960822260,0.001103327503392618,true
14488408,1647553945,100000000000,100000000000000000000000,914317821492286064333,90634240486607153324128383,0.001103335775343941,true
14488655,1647554214,100000000000,100000000000000000000000,914314379162952273094,90633561162404952741602011,0.001103344045157968,true
14488902,1647554548,100000000000,100000000000000000000000,914310937629030569697,90632881995793946556541399,0.00110335231317747,true
14489149,1647554796,100000000000,100000000000000000000000,914307687373229415339,90632240750590776961977002,0.001103360119664129,true
14489396,1647555046,100000000000,100000000000000000000000,914304159584805926005,90631544483470992576969987,0.001103368596109907,true
14489643,1647555293,100000000000,100000000000000000000000,914300719894125407523,90630865681920494397903853,0.00110337686005297,true
14489890,1647555540,100000000000,100000000000000000000000,914297281750818390329,90630187187047036736606780,0.001103385120386158,true
14490137,1647555787,100000000000,100000000000000000000000,914293844427116363529,90629508854570876911483507,0.001103393378865878,true
14490384,1647556034,100000000000,100000000000000000000000,914290407902838140655,90628830680492722717236739,0.001103401635540734,true
14490631,1647556282,100000000000,100000000000000000000000,914286972207282365066,90628152670623213166508985,0.001103409890339899,true
14490878,1647556529,100000000000,100000000000000000000000,914283537284175486219,90627474813808371469366949,0.001103418143399087,true
14491125,1647556776,100000000000,100000000000000000000000,914280103197093136592,90626797122653601233859808,0.001103426394564742,true
14491372,1647557023,100000000000,100000000000000000000000,914276669906942256462,90626119589410393256225948,0.001103434643931118,true
14491619,1647557270,100000000000,100000000000000000000000,914273237321392925516,90625442195777479000753243,0.001103442891720966,true
14491866,1647557517,100000000000,100000000000000000000000,914269995990515091379,90624802711789342461536101,0.001103450678044798,true
14492113,1647557764,100000000000,100000000000000000000000,914266477032048627976,90624108189337217889905850,0.001103459134638589,true
14492360,1647558011,100000000000,100000000000000000000000,914263046150971407492,90623431127736470645237951,0.001103467378751605,true
14492607,1647558258,100000000000,100000000000000000000000,914259616725618823630,90622754354663063078788519,0.00110347561947453,true
14492854,1647558536,100000000000,100000000000000000000000,914256188051375551671,90622077730432650160915978,0.001103483858508113,true
14493101,1647558788,100000000000,100000000000000000000000,914252760123562641961,90621401254119366754102435,0.00110349209586355,true
14493348,1647559035,100000000000,100000000000000000000000,914249332886176057502,90620724914623190004146366,0.001103500331675931,true
14493595,1647559285,100000000000,100000000000000000000000,914245906437276272137,90620048731386001958103630,0.001103508565708432,true
14493842,1647559532,100000000000,100000000000000000000000,914242480652431588483,90619372679742151019474170,0.001103516798261337,true
14494089,1647559779,100000000000,100000000000000000000000,914239055627847521019,90618696778765695492159642,0.0011035250291023,true
14494336,1647560026,100000000000,100000000000000000000000,914235631294318626825,90618021014739146791276688,0.001103533258398292,true
14494583,1647560274,100000000000,100000000000000000000000,914232398052572331471,90617383132146246153666850,0.001103541026495669,true
14494830,1647560521,100000000000,100000000000000000000000,914228887143129152796,90616690205409055680812919,0.001103549465041384,true
14495077,1647560768,100000000000,100000000000000000000000,914225464183517186507,90616014713553922593340880,0.00110355769138722,true
14495324,1647561016,100000000000,100000000000000000000000,914222042615843026205,90615339497597349470718159,0.001103565914495652,true
14495571,1647561263,100000000000,100000000000000000000000,914218621695843163173,90614664410001685859016442,0.001103574136163355,true
14495818,1647561510,100000000000,100000000000000000000000,914215201489471900632,90613989463843132949251116,0.00110358235623101,true
14496065,1647561757,100000000000,100000000000000000000000,914211781923875259276,90613314644681911293315413,0.001103590574874406,true
14496312,1647562004,100000000000,100000000000000000000000,914208363028907542206,90612639958438508948332671,0.001103598792021369,true
14496559,1647562251,100000000000,100000000000000000000000,914204944731751638194,90611965390680090235981058,0.001103607007847613,true
14496806,1647562498,100000000000,100000000000000000000000,914201527145980146098,90611290963922696706337550,0.00110361522207884,true
14497053,1647562746,100000000000,100000000000000000000000,914198110168421296009,90610616657716302279966141,0.001103623434964054,true
14497300,1647562993,100000000000,100000000000000000000000,914194884282663020181,90609980225910093249368594,0.001103631186660438,true
14497547,1647563241,100000000000,100000000000000000000000,914191380568232621476,90609288720320290133878912,0.001103639609275221,true
14497794,1647563488,100000000000,100000000000000000000000,914187964857669942729,90608614659646317621281281,0.001103647819532729,true
14498041,1647563735,100000000000,100000000000000000000000,914184550436181220247,90607940854501468546341728,0.001103656026799906,true
14498288,1647563982,100000000000,100000000000000000000000,914181136601662695422,90607267165710301757935279,0.001103664232771875,true
14498535,1647564229,100000000000,100000000000000000000000,914177723380356506830,90606593598477694693256659,0.001103672437385176,true
14498782,1647564476,100000000000,100000000000000000000000,914174310752899622411,90605920148967272442379873,0.001103680640686477,true
14499029,1647564723,100000000000,100000000000000000000000,914170898751316953097,90605246823529028112272185,0.001103688842598365,true
14499276,1647564971,100000000000,100000000000000000000000,914167487264984831849,90604573600237156502848189,0.001103697043387865,true
14499523,1647565218,100000000000,100000000000000000000000,914164076411534194190,90603900502410796641528422,0.001103705242770858,true
14499770,1647565465,100000000000,100000000000000000000000,914160666101333315261,90603227512285335126991055,0.001103713440963684,true
14500017,1647565714,100000000000,100000000000000000000000,914157446815391288089,90602592387191616085513052,0.001103721178006126,true
14500264,1647565961,100000000000,100000000000000000000000,914153949631110290876,90601902176768470497899610,0.001103729586216583,true
14500511,1647566208,100000000000,100000000000000000000000,914150540330582309403,90601229386772912744453209,0.001103737782332998,true
14500758,1647566455,100000000000,100000000000000000000000,914147132241843731904,90600556837005250140031466,0.001103745975644551,true
14501005,1647566702,100000000000,100000000000000000000000,914143724710581028014,90599884397769776761279176,0.001103754167731163,true
14501252,1647566951,100000000000,100000000000000000000000,914140317715736054472,90599212064894321562023414,0.001103762358643605,true
14501499,1647567198,100000000000,100000000000000000000000,914136911270509590538,90598539840997455725667298,0.001103770548349921,true
14501746,1647567446,100000000000,100000000000000000000000,914133505317747335822,90597867714753308594723337,0.00110377873698804,true
14501993,1647567693,100000000000,100000000000000000000000,914130099908736010259,90597195696329178304348699,0.001103786924434039,true
14502240,1647567940,100000000000,100000000000000000000000,914126695020599842336,90596523781193228767904714,0.001103795110743077,true